name,age,street_address,city
Raymond Young,58,7319 Hanna Pike,Melissamouth
Dominic Campbell,41,07629 Richard Dam,Rodriguezmouth
Heather Bradley,78,05040 Smith Ranch,Port Seanshire
Nicholas Robinson,65,48191 Samantha Common,New Colleenchester
Beverly Long,54,5823 Moses Plaza Apt. 011,Carpenterview
April Sellers,27,93749 Leah Keys,Samanthafort
Phillip Hancock,60,1013 Lee Via Apt. 998,Loriborough
Shelly Brown,39,32021 Weiss Viaduct,West Gina
Christian James,25,480 Steven Mountains,Smithfurt
Mark Vaughn,66,171 John Street Apt. 841,Lake Kristine
Julie Green,66,145 Alexander Keys,Josephview
Alexandria Simpson,22,063 Tara Roads,South Brenda
Elizabeth Austin,49,7215 Lyons Extensions,Jaimetown
Donald Smith,42,97817 Mario Mill Suite 745,East Anthony
Franklin Alvarado,69,676 Carla Stream Apt. 200,Karaport
Christopher Barron,53,8701 Willie Loop,New Susanberg
Kevin Huffman,26,50061 Hammond Stravenue Suite 616,Port Patricia
Richard Ellison,24,0015 Porter Turnpike,Scottmouth
Nicole Dunn,67,23397 Melendez Prairie,Phillipschester
Miss Christine Boyer,33,036 Sally Well Suite 746,Tammychester
Scott Hogan,64,8145 Andrew Burg,Lucasbury
Brian Pierce,41,358 Washington Mountains Suite 995,Port Sarahburgh
Frank Sanchez,32,19350 Johnson Park,Farrellbury
Lindsey Novak,24,52041 Linda Mews Suite 909,New Daniel
Lori Flynn,41,8992 Dylan Shoals Apt. 665,Morganland
Amber Elliott,66,448 Amanda Ridge Apt. 942,Stephenport
Taylor Barnett,46,2967 Jennifer Stravenue Suite 746,Welchbury
Hannah Manning,55,96670 Luis Fords,West Heidiside
Justin Hopkins,46,867 Jones Harbors,Port Evelyn
Jamie Johnson,31,985 Fernando River Apt. 679,Philipfort
Terry Ayala,54,3824 Brian Freeway Suite 639,North Micheleside
Christopher Lee,59,636 Tina Parks Suite 112,New Jason
Brian Holland,52,233 Farley Avenue Suite 674,Reynoldsborough
Michael Harris,30,800 Jeffrey Mountains,Turnerbury
John Garcia,34,0552 Williams Prairie,Port Lindsaymouth
Ronald Campbell,51,40738 Victoria Stravenue Suite 765,South Ashley
Mr. Daniel Sanchez,76,15320 Steven Alley,South Anthonytown
Kerry Olsen,34,47694 Lindsay Drive,Maryshire
Felicia Nichols,77,7711 Hatfield Drive,East Mirandastad
Jeffrey Collins,63,097 Danielle Greens Suite 060,Jacksonfort
Theodore Diaz,32,07026 Morgan Ridges Suite 392,New Tamaraside
Walter Morris,54,4000 Elizabeth Neck,Wilsonberg
Kristen Ward,43,363 Orozco Island,Jerryland
Matthew Howard,37,65312 Rebecca Green Apt. 843,Lake Nicole
Juan Patterson,69,154 Guerra Run Suite 939,Port Kevinmouth
Melvin Walker,46,89632 Chavez Loaf Apt. 247,Port Jeffreyton
Tyler Edwards,39,824 Fernandez River Suite 966,East Stephanieville
Bryan Delgado,50,10802 Melissa Dale Apt. 856,South Kevin
Tracy Stephens,45,883 Smith Viaduct,Lake Sherry
Danielle Valdez,18,967 George Stream Suite 936,North Loriton
Ricardo Jenkins,40,39430 Lucas Street Suite 353,Hansonmouth
Annette Fitzgerald,61,731 Matthew Spurs Apt. 319,Gamblehaven
Sandra Robertson,52,876 Hodge Loaf,South Julia
Tiffany Fernandez,67,480 Zachary Point,South Carly
Pamela Thomas,28,6007 Blake Shores,South Helenport
Natasha Barnett,35,1944 Williams Squares,North Nathan
Tammy Powers,50,136 Hanson Spurs Apt. 268,Mercerfurt
Michael Robbins,19,926 Hansen Pines,New Jimmyborough
William Davenport,19,15750 Davis Hollow,Port Kristinfort
Michelle Ramsey,36,3519 Travis Forges,Tylerburgh
Thomas Williams,43,7284 Patricia Fall,New Anneland
Cassandra Armstrong,70,04962 Reyes Keys,Wendychester
Samantha Woods,69,78559 Deanna Road Suite 990,Micheleton
Brenda Walker,69,12733 Joann Field Apt. 231,Huynhville
Jessica Miller,75,133 James Field Suite 199,Lake Robin
Michael Welch,59,05236 Bryan Cliff,Drakemouth
Sharon Rosales,39,297 Jesse Gateway Suite 000,Port Christopherhaven
Christopher Barnes,22,98530 Brewer Haven Suite 460,Port James
Dr. Jessica Barry,74,2063 Morris Forest,Port Tonya
Anthony Bowman,64,924 Washington Glens Apt. 072,Lake Stephanieville
Rachel White,25,442 Christopher Harbors Suite 722,Lake Michelle
Todd Moss,53,0056 Scott Valleys,New Stevenberg
Samuel Collins,74,13311 Cole Point,South Robertostad
Alex Owen,66,9823 Paul Wells,Lake David
Jeremiah Harris,68,081 Ross Wells Apt. 687,Lake Sandra
Kristy Sims,57,18042 Fisher Valley,Lake Rebeccafurt
Jeremiah Webb,33,055 Reilly Light,New Omarmouth
Jason Johnson,74,95191 Brandon Extensions Apt. 701,Rhodesbury
Mia Wiley,54,19782 Taylor Land,Parkerville
Marcus Nunez,48,0526 Chavez Port Apt. 146,New Leeville
James Chang,71,02366 Golden Tunnel Suite 653,Bennettland
Michael Black,74,861 Ramirez Walk,Smithborough
Robert Anderson,34,73193 Brown Manor Apt. 501,Christineburgh
Rachel Wu,44,10588 Betty Fall Suite 638,Donnaburgh
James Hanson,57,292 Hernandez Underpass Apt. 515,West Andrew
Laurie Bailey,32,834 Hunter Ville,Wernerport
Aaron Anderson,62,7955 Lane Skyway,North Tina
Stephen Rodriguez,66,5414 Cordova Center Suite 227,Chadport
Chelsea Mason,37,72593 Michael Vista,Weeksfurt
Jonathan Francis Jr.,50,65526 Lopez Mews Suite 303,Stevenshaven
Peggy Tucker,39,0119 Steven Fort,Lake Francisco
Gregory Roberts,55,2769 Stacey Trail Apt. 546,Port Lynn
Erin Miller,42,591 Susan Port,Ashleyberg
Natalie Bauer,80,248 Myers Place Suite 123,Scottchester
Diamond Brown,21,074 Kirby Points,Whitneyport
Kenneth Smith,19,47931 Powell Parkways,West Erinbury
Tina Vargas,23,76282 Cathy Turnpike Apt. 573,Jamesville
Mary Bell,30,670 Angela Drive,East Garyborough
Meghan Harris,50,277 Richard Dam,South Zacharymouth
Tiffany Kelly,48,6302 Peters Station Apt. 927,Scottmouth
Tyler Lopez,38,316 Stephanie Corner,Port Markchester
Raymond Jones,31,21643 Flores Highway,Hensonton
Renee Jones,40,79277 Williams Forks,Smithmouth
John Miller,36,23451 Clark Bypass Suite 523,West Nicholehaven
Leslie Foster,74,295 Strickland Mountains Apt. 009,Jacobborough
Sandra Gutierrez,61,6279 Nicole Wall Apt. 381,South Sarah
Cynthia Pearson,69,78767 Colin Track,Erinshire
John Melton,27,7651 Hubbard Ramp,Port Joseph
Mr. Douglas Smith,63,772 Kenneth Way Apt. 000,North Nicole
Andre Perez,34,22483 Bailey Pike,East Stacy
John Thompson,58,5165 Love Square Apt. 801,South Timothyburgh
Taylor Beltran,27,34475 Cooper Walks Suite 244,Travisstad
Nathan Rogers,49,2709 George Rue,Johnsonstad
Jacqueline Harris,57,6557 Martin Groves,Port Joe
Emily Romero,39,766 Angela Mountains Suite 285,Laurenshire
Paula Anderson,50,68683 Lori Plaza Apt. 634,Lake James
Heather Williams,50,91638 Perkins Corner Apt. 808,Melissamouth
Brandon Barnes,74,4910 Rodriguez Roads Suite 538,Port Nicholasfurt
Jordan Mendoza,21,795 Eric Causeway,Williamton
Michael Thomas,47,29685 Sandoval Tunnel,South Carlos
Adrian Mccoy,39,50220 Fox Crescent,Port Amyport
Daniel Gilmore,79,425 Alyssa Expressway,Martineztown
James Boone,58,803 Andrea Spur,North Anthony
Michael Franklin,63,2669 Hill Plains Apt. 630,Hillfort
Jeff Foster,77,41590 Barbara Stravenue,North Kevin
Ronald Frank,50,145 Robert Via Apt. 790,Port Brian
Laura Wallace,64,9132 Ellen Pine Suite 573,Paulaview
Lindsay Patterson,25,02553 Kathryn Circles,Patriciafort
Gina Ruiz,60,88781 Michael Green Apt. 723,South Shannon
Troy Fox,78,6081 Alexandra Locks,Coxside
Kristen Nelson,66,54551 Bradford Village Apt. 678,Normafort
Leslie Jackson,76,58003 Thompson Roads,Lake Billymouth
David Moreno,65,324 Fleming Trail,East Sarahfort
Leah Casey,70,48913 Barnes Port,Johnsonshire
Kathleen Caldwell,78,67551 Freeman Court Suite 928,Lake Allisonton
Kaitlin Baker,79,2146 Conway Freeway,Karenport
Vanessa Herring,32,146 Ruiz Greens Apt. 906,West Thomasville
Tim Cisneros,40,6118 Dylan Trail Suite 575,Lake Davidberg
Lacey Abbott,50,88413 John Stravenue Suite 478,East Jaimeshire
Alec Cooley,52,895 Stacy Rapids Apt. 093,Nancymouth
Mrs. Wendy Pena DDS,71,467 Jones Turnpike Suite 926,Lake Brandyview
Ana Rose,33,648 Williams Ferry,West Timothyview
Tonya Williams,67,441 Gibson Point,West Ryan
Margaret Townsend,29,99858 Samuel Parkway,North Brianburgh
Kevin Johnson,32,848 Matthews Expressway,West Lisa
Anita Knight,35,0545 Anna Knolls Suite 068,North Nathaniel
Jennifer Howard,78,496 Johnson Divide,West Carolinefort
Pamela Oconnor,71,823 Carter Heights Apt. 431,East Alanhaven
Charles Sanchez,30,6627 Johnson Grove Apt. 408,Andersonville
Brandon Hall,42,982 Peterson Greens,West Tina
Kaitlyn Robinson,57,098 Natalie Mountains Apt. 532,South Jaredburgh
Devin Hicks,46,4068 Bryan Green Apt. 637,Sharonmouth
James Thomas,38,26994 Brown Fork Suite 861,East Patriciatown
Cody Parsons,64,18256 Jasmin Ford Apt. 802,North Duaneview
Ronald Brock,75,51586 Watson Mountain Apt. 940,North Andrea
Emily Kelly,21,099 Mia Summit,Andrewville
Pamela Hines,45,151 Patrick Rue,South Arthurchester
Sean Simmons,46,37234 Montgomery Fall,Lake James
April Barnes,58,104 Vazquez Station Suite 436,Thomasland
Kyle Jackson,31,56355 Jessica Falls,North Kathy
Allison Mason,79,385 Colin Ports,Jeffreyborough
Stephen Harper,41,904 Morales Overpass,Hayeschester
Kathleen Marshall,20,2088 Nancy Passage,Wrightberg
Gary Olsen,55,66415 Gibbs Prairie,North Cassandra
John Fisher,43,9322 Gregory Track Suite 946,Christophermouth
Erica Rivas,75,07620 Cory Inlet Apt. 326,Wilsonburgh
Christopher Garrett,44,5285 Washington Circle Apt. 094,Kevinport
Robert Atkinson,31,583 Thomas Wall,New Jeremy
Catherine Smith,55,283 John Islands,Jeffreyport
Justin Gutierrez,42,8951 Gray Lodge Suite 019,Brandonburgh
Michael Anderson,59,6705 Keller Locks,South Samuelfurt
Catherine Palmer,77,9025 Julia Trace,North Laurieborough
Debra Taylor,33,86748 Mark Crescent,Bensonshire
Beverly Mcintyre,60,12151 Linda Island Apt. 568,South Danielleberg
Timothy Wells,78,8483 Nguyen Locks Apt. 422,Mariaville
Michael Carroll,76,652 Jennifer Square Suite 667,Port Ethan
Bridget Martinez,55,83999 Wilkinson Village Apt. 776,New Robinside
Jasmine Becker,42,265 Shelby Loaf Suite 503,Deborahland
Dawn Atkinson,62,207 Wilkinson Groves,North Aaronport
Adrian Anderson,49,561 Thompson Station,Ellisburgh
Jason Rowe,73,48543 Rodriguez Wells,Perezmouth
Jessica Welch,74,81678 Michelle Springs,East Mikefort
Thomas Burgess,23,735 Jessica Flats Apt. 748,Lake Isaiah
Angela Harding,80,046 Erica Corner Apt. 211,Port Michael
Kayla Hogan,75,206 Jimmy Drive Apt. 936,Morganton
Amy Davis,68,341 Brown View,Lake Gregory
Eric Charles,46,369 Cheryl Prairie Suite 657,Steelestad
Jennifer Taylor,67,4936 Susan Lock,New Roger
Victor Roy,58,364 Amy Island,Fuenteshaven
Andrew Dixon,52,957 Eric Flats Apt. 334,New Jessica
Stephen Walter,76,2780 White Valley Apt. 045,West Kenneth
Sarah Davis,20,1524 Pennington Burgs,East Edward
Donald Jefferson,33,7684 Baldwin Walks Suite 992,Lake Michelle
Mark Tanner,76,063 Humphrey Coves Suite 169,Port David
Daniel Serrano,64,162 Sarah Station Suite 306,West Brittanybury
Nathan Mann,76,316 Kimberly Circle Apt. 625,Robertshire
Regina Wilson MD,41,6149 Jennifer Alley Apt. 470,New Jeffreyton
Robert Wright,49,83240 Diane Turnpike,New Nicole
Abigail Walsh,32,18179 Hudson Harbor Suite 233,South William
Shaun Jones,58,4374 Jason Estate Suite 310,Deniseville
Daniel Woodard,80,708 Mckinney Square Apt. 041,Gibbsshire
Eduardo Tran,26,297 Sara Fall Suite 789,South Christopher
Thomas Black,51,3286 Horton Trafficway Apt. 920,Michaelfurt
Jillian Thompson,43,052 Ford Isle,Wendymouth
Denise Rivas,27,01388 Alyssa Club,East Williamstad
Jennifer Gill,62,2444 Campbell Village,South Austinborough
Johnny Salas,75,8830 Casey Hollow Apt. 555,Boothborough
Lisa Walker,64,3500 Sabrina River Apt. 450,Goodwinport
Lisa Garcia,71,5355 Thompson Extensions,East Josephfurt
Matthew Chandler,65,2582 Jessica Parkway Apt. 825,West Christinastad
Robert Rice,35,93575 Stevenson Lights,North Megan
Martin Hutchinson,73,827 Rodriguez Fork Apt. 083,Wrightburgh
Russell Ellis,67,9498 Carol Island Suite 559,Rodriguezport
Barbara Lang,31,81583 Smith Forges,East Gregory
Morgan Mccarthy,29,792 Danny Mission Suite 259,Port Jacob
Theodore Martinez,64,7316 Laura Forks Apt. 989,West Andres
Dustin Newton,47,85253 Moore Fords,Ramosport
Jason Davidson,18,28645 Rhonda Ford Apt. 187,West Lisa
Christina Martinez MD,74,945 Munoz Estate,Branchfurt
Derek Bartlett,25,25529 Cassidy Hollow Suite 557,New Michael
Alex Edwards,73,63999 Mark Cove Suite 696,East Christophertown
Michelle Garner,36,448 Smith Pass,Port Jesse
Taylor Gentry,71,093 Beasley Divide,Port Steve
Kimberly Castro,53,911 Phelps Spur Apt. 370,South Kristinamouth
Theresa Robbins,26,33930 Thompson Meadow Suite 345,Katiemouth
Mark Soto,44,752 Ruth Neck Suite 509,New Alexanderfort
Tonya Williamson,73,68588 Jeremy Haven,Davidfurt
John Lopez,39,1840 Webb Mountains Suite 749,East Katelyn
Michele Dixon,45,18478 Nicole Manors,Hartchester
Kaitlyn King,38,42081 Jordan Shoals Suite 563,Leeshire
Brandon Davis,63,2867 Williams Drive Suite 598,West Williamborough
Joseph Reed,74,629 Vincent Summit,Eddiechester
Lauren Gray,51,832 Jesus Valleys Apt. 447,West Michael
Pamela Thompson,60,416 Johnson Motorway,North Robertmouth
Robert Jones,52,6309 Curtis Locks Suite 730,Thompsonberg
Robert Morgan,37,6483 Heather Mountains Apt. 800,Janicemouth
Julie Gonzalez,51,13035 Alexa Views,Bradleyburgh
Rachel White,27,461 Thomas Plains,Andrewton
John Prince,62,18376 Jason Rapids,Woodport
Sylvia Reyes,69,78376 Thomas Port Apt. 903,Williamsonton
Sheila Mosley,64,73650 Mccoy Throughway,Lake Tammy
John Morgan,30,124 Clark Lodge Apt. 005,Lake Ryan
Melanie Ellis,34,44990 Baker Skyway,North Justin
Jessica Vincent,66,867 Nancy Branch,East Cassidyshire
Trevor Greene,55,91203 Stephanie Locks,Morrismouth
John Hays,49,1222 Melissa Route,Port Jamesport
Carla Lyons,28,8600 Kara Fort Apt. 432,Reynoldsmouth
Taylor Soto,80,1052 Beverly Meadows Suite 729,Jeffreyside
Shannon Morse,34,50377 Samantha Wells,Victoriamouth
Diana Hoffman,73,1441 Hamilton Groves Apt. 875,New Diane
James Cisneros,33,45553 Dustin Key,Lake Virginiashire
Michelle Booth,58,363 Alvarado Oval Suite 804,East Staceybury
Jenna Stanley,50,5998 Dodson Rue Suite 208,Port Emilyshire
Steve Leonard,72,63965 Alexis Circles,New Elizabeth
Andre Wilson,36,9969 Micheal Drive,Christopherland
Holly Henderson,80,13601 Walker Land Suite 501,East Steven
Edward Wright,41,34157 Alvin Court Apt. 213,Hoffmanport
Samuel Powers,30,70038 Reyes Course,Port Gordonchester
Lisa Moore,54,454 Howard Fork Apt. 805,East Annstad
Cameron Austin,25,41449 Brian Street Apt. 861,New Timothychester
Gwendolyn Graham,57,7141 Christopher Cliffs,Caitlinfort
Todd Morgan,29,7993 Mills Stream,Port Makayla
David Cole,18,2091 Hale Terrace,Port Susanview
Angela White,36,5835 Aguilar Walk,Rayburgh
Christopher Beasley,33,9988 Ortiz Knolls,Lake Ryanmouth
Robert Alvarez,24,846 Walls Views,Schneiderstad
Michael Herring,47,0957 Johnson Bypass Suite 713,North Anthonyburgh
Alyssa Conway,34,78961 Ellis Haven,Kathrynburgh
Taylor Barton,75,299 Crystal Passage,West Georgeburgh
Heather Payne,76,0541 Jonathan Dam Apt. 037,Lake Kylehaven
Luis Madden,52,0052 Mckenzie Cliff,New Kennethville
Bradley Baldwin,76,967 Amber Walks Apt. 661,Kempmouth
David Rogers,73,2966 James Run,Port Amy
Arthur Martin,73,9367 Meghan Point,Derrickmouth
James Hampton,78,081 Erika Gardens Apt. 790,Ronaldborough
Regina Nguyen,44,4770 Ho Divide Suite 457,Aliciaburgh
Scott Meyer,21,6474 Robert Isle,Margaretton
Juan Randolph,72,71391 Ruben Mews,South Mikayla
Timothy Clarke,54,085 Gregory Square,Hernandezshire
Alexis Mitchell,73,036 Amy Meadow Apt. 477,New Jamieland
Matthew Hodges,69,53174 Vincent Plaza Apt. 485,Justinport
Colleen Oconnell,23,240 Edward Villages Apt. 633,North Cindy
Jessica Velasquez,30,50926 Ryan Springs Suite 562,New Lauramouth
Pamela Boyer,55,5612 Lee Forest Apt. 693,South Carlos
Michael Spencer,34,0317 Williams Walks Apt. 939,Schroederburgh
Michael Jenkins,19,6230 Brenda Springs,Angelashire
Latasha Evans,72,88357 Anthony Islands Apt. 225,Penamouth
Mark Booth,58,23762 Anderson Springs,Port Gabrielaberg
Audrey Wood,46,082 Kristina Overpass Apt. 212,Port Ronald
Michelle Simmons,49,6491 Ryan Summit Apt. 024,Hancockstad
Shannon Duffy,70,037 Melissa Throughway,Patrickview
Angel Ware,25,115 Boyd View Apt. 653,Jamesberg
Alex Gray,69,8995 Fisher Locks Apt. 899,West Stacy
Kiara Ponce,54,4658 Perkins Groves,Amandaside
Edward Hall,31,3955 Morgan Wall,Lake Jaredfort
Kenneth Kaufman,70,52004 Oliver Trafficway,North Joshuamouth
Susan Phillips,41,4435 Ferguson Field,Colinhaven
Tina Combs,80,31462 Beck Center Apt. 192,West Michaela
Julie Becker,47,12900 Lauren Trail,East Barbara
Jonathan Wyatt,65,2004 Nicole Vista,South Mariaview
Deborah Peters,79,4400 Walton Pines,Marilynport
Wendy Adams,44,41355 Randy Ridges,North Stephanie
Bailey Gill,55,457 Jerome Row,Jeremyland
Jerry Taylor,60,17860 Crystal Union Apt. 600,Changville
Christopher Jones,24,088 Hawkins Island,South James
Jill Rodgers,22,19591 Anthony Oval Apt. 118,Turnerhaven
Joel Downs,70,805 Emma Locks Suite 347,North Deanstad
Stephanie Perry,71,585 Owens Drive Suite 610,Julianstad
Samuel Anderson,26,14772 Andrew Ridge Apt. 565,Peterside
Jessica Patel,28,859 Jay Court Suite 721,Lake Eric
William Fox,40,22537 Hall River Apt. 448,Lyonsland
Andrew Gardner,62,8408 Salinas Causeway Apt. 052,North Alexandra
Daniel Hardy,74,7918 Kim Trail,Lorimouth
Karen Barron,77,180 Young Green,Margaretfurt
William Shaw,21,209 Rojas Crest,New Colleenton
Mr. Peter Johnson,79,8841 Tanya Underpass Apt. 550,Margaretchester
Joshua Vance,58,90878 Mariah Bypass,Earlmouth
Thomas Foley,31,9897 Blankenship Station Apt. 079,Lake Heather
Charles Bryant,57,09202 Duncan Pike Suite 428,South Vicki
Whitney Morrow,31,1062 Fitzpatrick Circles Apt. 706,Port Charlottefurt
Kristina Williams,70,799 Alex Inlet,Smithborough
Carol Hughes,63,53937 Morris Station,Melanieview
Matthew Glenn,80,804 Peter Stravenue,Miaton
Ethan White,25,4851 Steven Parks,Jonathanstad
Kyle Jenkins,60,361 Raymond Fields Apt. 065,Vaughnton
Dana Williams,26,78854 Sharon Crossing Apt. 845,Williamsbury
Michelle Kennedy,58,5389 Moses Flat,South Johnberg
Stephanie Campbell,19,877 Lopez Streets Apt. 305,West Denise
Dylan Thomas,27,43328 Justin Ports,Lake Timothyburgh
Donald Taylor,22,076 Natasha Curve Suite 036,Lake Victorialand
David Nelson,26,75156 Moreno Plains,North Carlos
Rachael Gibson,40,2626 Wells Track,Alexanderport
Stacy Parks,28,6718 Tracy Cliff,Saraville
Gina Johnson,52,19129 Wiggins Tunnel,Moralesstad
Kevin Mitchell,25,01783 Michael Curve,South Leslie
Brianna Garcia,78,491 Steven Extension Suite 660,Jamesburgh
Jordan Patrick,65,28416 Stanley Key,Scottside
Terry Ferguson,24,11396 Rebecca Way Apt. 774,Port Michael
Valerie Hall MD,32,1229 Garcia Rue,West Lori
Keith Mitchell,20,6818 Salazar Lake,New Angelamouth
Mark Schmidt,23,68309 Valerie Manors Apt. 024,Kathrynberg
Dr. Bryan Owens DDS,29,4226 Melissa Brooks,Danielport
Micheal Snow,77,41925 Michelle Ferry,Lake Reginaside
Kevin Novak,80,085 Summer Tunnel,South Gabrielfurt
Brittany Martin,76,384 Patricia Well Apt. 968,Jamestown
Sheila Weeks,67,81455 Casey Creek,Ashleystad
Alyssa Holmes,28,2760 Gonzales Plaza Suite 540,Millsborough
Catherine Ochoa,41,00448 Kirk Coves,Hoffmanside
Jamie Watson,43,24515 Kevin Trace Suite 464,New Seth
Stephen Garcia,24,623 Hurley Run Apt. 488,New Ashleyshire
Andrew Wallace,19,565 Arellano Forest,West Rebecca
Dominic Cain,41,58056 William Estate Suite 843,Bushport
Terri Jackson,52,697 Peter Trace Apt. 458,East Randymouth
Kristen Mcdonald,45,55577 Garcia Skyway,Lake Jessica
Ashley Baker,77,900 Keith Locks Apt. 966,Joeton
Paul Russell,64,787 John Branch Suite 505,Kimberlychester
Deanna Washington,65,186 Adams Valley Suite 997,Lake Hannahfort
Paula Carlson,34,16825 Johnson Heights Suite 303,New Rachelmouth
Carla Guerra,45,826 Hatfield Walks Apt. 133,Port Brentchester
Meagan Rosales DDS,57,0877 Danny Summit Suite 394,Lake Sharonmouth
Eric White,62,441 Crawford Center Suite 419,New Gavinborough
William Cummings,64,03128 Shepherd Spurs Apt. 247,Williamsmouth
Richard Vargas,45,556 Davis Pines Apt. 561,Pricefurt
Paige Jones,65,02590 Smith Hollow Suite 615,Alanburgh
Marcus Willis,62,29663 Erik Squares Apt. 386,East Faith
Edward Anderson,73,35343 Hill Station,Port Nicole
Megan Jenkins,42,40864 Hannah Inlet,Lake Victoriaborough
Paul Long,27,0142 Peggy Lake,East Stevenmouth
Brandon Hernandez,66,60312 Young Glens Apt. 087,Jacobfort
John Carroll,32,7234 Rhodes Centers,Margaretport
Rebecca Martinez,48,5904 Benjamin Run,New Christieside
Jacqueline Jackson,65,16669 Christian Station,Vickichester
Regina Campbell,25,98211 Robert Village,New Susanhaven
Bill Stone,21,084 Bell Pines Apt. 632,South Jason
Robert Collins,44,6735 Michelle Course,West Dalton
Kirk Smith,59,3591 Alvarez Meadow,East Lisa
Danielle Villegas,73,523 Fischer Isle,Melanietown
Wendy Smith,72,0045 Jensen Trafficway Suite 100,Port Seanland
David Oliver,58,08512 Timothy Islands,Harrisborough
Christina Harris,36,47337 Jesus Plain,Lake Dorothy
Devin Miller,50,0642 Kelley Mission Suite 668,Jamesmouth
Gloria Johnson,34,13777 Jenna Cliffs Apt. 286,North Jameshaven
Roger Carrillo,44,98735 Ortiz Crest,Schultzborough
Bruce Berry,27,94804 Robert Shoals,South Curtisberg
Jared Nicholson,44,685 Reese Overpass Suite 798,Janicehaven
Joseph Gallegos,55,03301 Lee Run,Jadeberg
Mr. Michael Duran,21,50735 Maldonado Mission,Dianaberg
Anthony Gutierrez,29,703 Jeremy Alley Apt. 886,Davidfurt
Christopher Andersen,54,189 Julia Trail Apt. 162,Smallbury
Emily Sharp,77,48922 Johnson Isle Apt. 825,Camposberg
Jared Hernandez,37,324 Alexander Loop,East Sergioburgh
Michael Williams,55,0121 Levi Cove,Port Aaronfort
Matthew Morales,42,64417 Henry Crescent Apt. 251,Alejandroshire
Yvonne Wright,56,53088 Norton Drive,Lake Abigailstad
Juan Anderson,46,566 Jackson Landing,New Justin
Emily Wilkinson,34,668 Brooke Parks Suite 159,West Phillip
Edward Moran,59,1512 Natasha Underpass,West Victoriaville
Benjamin Carroll,61,079 Smith Groves,Mccoyville
Alicia Reyes,55,34703 Craig Ridge Apt. 342,Kevinton
Austin Navarro,46,49986 Kelly Track Apt. 826,Garymouth
Eric Wilkinson,68,944 Bryan Prairie,South Blakechester
Mrs. Hannah Matthews,71,476 Myers Throughway,Thomastown
Kristen Pittman,41,8476 Jeffrey Spur Apt. 244,New Chelsea
Scott Wiley,65,833 Fisher Park,Murillotown
Emily Barber,31,332 Tammy Expressway,South Nicole
Lucas Jackson,73,5305 Anderson Prairie,Tinastad
Maria Manning,56,24466 Cardenas Burgs Apt. 993,New Alexander
Joan Mora,68,47341 Tammy Valley Apt. 741,South Richard
Bryan King,36,062 Fitzgerald Shoal Apt. 426,East Sara
Thomas Edwards,68,6857 Davis Ridges,East Corey
Jeremiah Benton MD,52,00461 James Ville,Sanderschester
Brandon Chapman,40,8310 Dennis Corners Apt. 420,North Richard
Denise Burch,25,5676 Paula Mountain,South Kaylafort
Megan Palmer,77,17693 Krista Track,North Philip
Christopher Myers,76,533 Victoria Ports,West Crystal
Sarah Pitts,56,904 Gilbert Orchard,Darleneville
Joyce Frederick,78,6544 Davis Harbors Apt. 116,Frankborough
Scott Frederick,69,2158 Alexis Creek,New Stephenbury
Lisa Taylor,29,9209 Bryce Path,Trujillohaven
Stephen Harris,73,60188 Mark Plains Apt. 177,Lake Charles
Matthew Skinner,52,91086 Jose Highway Apt. 083,Lake Chad
Tanya Meadows,76,002 Armstrong Points Apt. 803,Turnerstad
Lance Reese,32,8533 Timothy Way,Jameschester
David Holland,21,30959 Banks Shore Suite 023,West Troyview
Kyle Moyer,80,9999 Amy Port Suite 090,Willisbury
Douglas Johnson,18,0900 Smith Turnpike,Port Kathleen
Sheri Hernandez,64,26306 Brown Square Apt. 802,Marshallland
Juan Campbell,77,4910 Timothy Glens Apt. 157,Jamieton
Daniel Noble,70,233 Gutierrez Shores Suite 745,North Ryanstad
Sierra Valencia,40,48977 Brenda Islands,South Peter
Jessica Evans,56,2652 Carol Heights,Kennethville
Mr. Daniel Graham,61,210 Kristin Fall,New Sarah
Jeremy Parsons,51,20860 Joseph Springs,North Lisa
Kelly Lopez,60,9474 Kenneth Corners,Rachelton
Wesley Kim,20,0537 Riley Brooks Suite 343,North Rachaelborough
Maria Owens,71,064 Alison Courts,North John
Mary Brewer,56,75117 Gilbert Mountain Apt. 081,Lake Alisonton
Daniel Wagner,23,83246 John Course,Fisherton
Pamela Miller,18,5951 Brandi Road,Wilsonchester
Patricia Johnson,70,59738 Kendra Dale Suite 679,Lake Harryhaven
David Barton,25,7908 Cassandra Mill,Lewisshire
Dr. Charles Martinez,61,9078 Castro Lodge Suite 460,Thomasbury
Lawrence Gibson,54,804 Dustin Path Suite 625,West Jessicamouth
Julia Osborn,62,455 Lowery Extensions,South Ashleyport
Shannon Hill,64,5613 Janet Mills Apt. 944,Sandramouth
Danny Villa,56,5059 Mendoza Station,Jordanborough
Mary Wade,57,444 Amanda Cliffs,Osborneside
Anthony Jones,66,8561 Ashley Point Suite 179,Guzmanville
Brianna Brown,28,06177 Chase Circles,Scottfurt
Steven Simpson,36,428 Cantrell Union Suite 831,East Roberto
Matthew Garcia,41,82608 Robert Lakes Apt. 067,Port Jameshaven
Morgan Yang,58,7652 Brian Manor Apt. 384,North Ian
Timothy Haas,28,57931 Clark Place,North Charles
Jennifer Blankenship,31,301 Wells Gateway Apt. 381,New Garyville
Christian Brown,71,3133 Linda Valley,East John
Katie Bell,35,951 Sabrina Garden Suite 030,Port Whitney
Tamara Torres,55,3688 Mcdonald Passage Apt. 990,South Nathanchester
Justin Smith,65,31202 Mary Glen,Allenfort
Andrea Wyatt,69,95288 Myers Shoals Apt. 035,North Jeffrey
Stephanie Wilson,40,8144 Cathy Cliff,East Michaelbury
Sarah Simmons,19,182 Katie Mission Suite 118,Codystad
Beth Bradley,32,758 Leroy Ports,Taylormouth
Hayley Warren,58,5133 Perez Knoll Apt. 036,West Michael
Amber Brown,66,1104 Brandon Well,New Christopherville
Rebecca Morales,79,3503 Michael Isle,Dawnberg
Jennifer Dudley,21,85016 Krueger Turnpike,South Anthony
Mark Jones,53,241 Antonio Roads,Lake Carolport
Jennifer Rodriguez,37,458 Jackie Crossroad Apt. 855,Kyletown
Jeffrey King,53,2770 Richard Crossing,Kellyburgh
Joseph Terry,19,954 Sanchez Mountains Apt. 431,Brianmouth
Tracy Meza,34,808 Danielle Pine,New Jessicafurt
Erik Swanson,32,09837 Stanley Gardens Apt. 352,Andremouth
Alexander Hunter,32,6675 Jessica Mill,Barryfurt
Rita Sanford,24,285 Diaz Locks Apt. 981,South Thomasberg
Gabriel Mcdowell,33,6719 Patrick Estates Apt. 683,South Hannah
Justin Wilson,28,89316 Jacob Lodge Apt. 248,South Paul
Matthew Lopez,52,6013 Johnson Camp Apt. 849,South Michelleborough
Brenda Johnson,72,8238 David Vista,West David
Christina Keith,59,5737 Catherine Ramp Suite 181,Philiphaven
Eric Wallace,40,93338 Joshua Roads,Amyborough
Sandra Nelson,72,7786 King Springs,South Dawnborough
Steven Nunez,68,31971 Peck Corner Suite 917,North Elizabeth
Frank Everett,78,3604 Cochran Plaza,Hamiltonchester
Brandon Brown,31,842 Douglas Mews,Lake Jill
Barry Fletcher,19,0286 Johnathan Inlet,Wellschester
Mr. Jonathan Johnson,34,419 Carroll Skyway,Brandtfort
Valerie Huffman,50,0462 Adrian Overpass Suite 850,Brittanyview
Stacy Gutierrez,68,3005 Smith Meadow,Lake Jennifer
Barbara Lee,56,06472 Katie Fork Suite 067,North Robert
Timothy Callahan,62,58845 Schultz Landing,Port Jameston
Linda Mullen,54,84592 Michele Drives Suite 157,Marymouth
Chelsea Sanchez,24,82886 Elizabeth Dale Apt. 616,South Amy
Sara Evans,66,418 Courtney Locks Suite 408,Meganmouth
Peter Harris,61,288 Fitzgerald Skyway,Johnport
Diane Bowers,41,9758 Brown Bypass,Christinestad
Dan Martinez,68,64923 Carrie Alley Apt. 090,Danielfort
Jeffery Cline,77,743 Kenneth Rapid,North Eddie
Brian Campos,49,47749 Crystal Ports,South Wandashire
Stephen Williams,66,35202 Stacy Trail Apt. 869,Jamesberg
Donna Serrano,73,71879 Megan Oval,Ashleefurt
Sarah Smith,37,083 Douglas Pine Suite 679,East Kaitlyn
Zachary Morse,62,797 Black Path Apt. 141,Bryantland
Kenneth Brown,67,2408 David Crescent Suite 370,Joshuamouth
Emily Sanders,38,97814 Holland Landing Suite 810,New Stephanie
Jill Sutton,19,800 Bernard Alley Suite 308,Michaelmouth
Mary Carroll,22,1032 Maldonado Lakes,North Christinetown
Mark Newton,46,667 Cummings Bridge Apt. 688,Mendozaside
Keith Thomas,59,2961 Reyes Branch Suite 041,North April
Hannah Lamb,42,1273 Johnson Cliffs,Rossberg
John Simmons,44,051 Mckinney Turnpike,Kennethmouth
Angela Miller,43,23504 Cortez Isle,West Samantha
Patricia Jacobson,19,8079 Kathryn Freeway Apt. 159,Weaverport
Lisa Young,32,23955 Darlene Bypass Apt. 900,East Amyborough
Jessica Harrison,52,2425 Kelly Summit Suite 723,South Josephbury
Deborah Lewis,26,349 Quinn Bypass Suite 019,Conradside
Cory Rubio,24,6732 Mullen Bridge Apt. 096,West Brittany
Matthew Hernandez,80,371 Taylor Spurs Apt. 545,Tabithaside
John Roy,25,8887 Douglas Shoals,Nicholasview
Brenda Fleming,78,85228 Davis Meadow,Lake Christopherbury
Angela Matthews,21,1944 Dustin Station,Davidtown
Lynn Wilkinson,35,25271 Brady Stream,Port Valerie
Andrea Proctor,36,682 Tracy Junction,Patriciafurt
Tim Ortiz,65,67387 Price Extension,New Patrickview
Susan Mclaughlin,77,650 Benjamin Fort Suite 713,North Laura
Bethany Williams,52,84445 Hansen Island,East Amanda
Robert Harris,51,46893 Lane Inlet Suite 239,Destinyport
Eric Pope,58,9741 Hernandez Inlet Suite 156,Clairemouth
Shane Kane,40,87311 Barber Stravenue,North Michaelland
Brandon Rivera,63,253 Underwood Station,Stevenchester
Jesus Hall,18,9806 Logan Highway,Karinachester
Kenneth Johnson,39,3557 Donald Underpass Apt. 541,Lauraville
Charles Hudson,35,07402 Nguyen Roads,North Nicholaston
Christina Kelly,23,18661 Lisa Shoals,Lake Tammystad
Karen Koch,60,50979 Emily Path Apt. 018,Port Patriciaborough
Todd Berry,46,26835 Wells Road,East Timfort
Jerry Griffin,78,347 Ronnie Circle Apt. 521,Michelleburgh
Curtis Burke,35,4231 Michael Cliff Suite 181,Mikeside
Leah Jones,73,052 Washington Square Apt. 378,Danielville
Rebecca Wagner,24,129 Shawn Gateway Suite 102,Lake Mark
Jesse Welch Jr.,46,40229 Sherman Shoals Suite 621,Garrettside
Catherine Valenzuela,45,24775 Foster Trail Apt. 544,Jacksonchester
Lori Craig,57,7006 Brown Summit Apt. 440,North Randy
Kayla Mcdaniel,38,56961 Jones Route Apt. 334,Taylorborough
Lisa Shea,45,672 Jennings Skyway,Lake Larry
John Carroll,62,29054 Molina Burg Apt. 245,Jessicastad
Nathan Knox,42,642 Jason Lights Apt. 374,New Alexaside
Paul Esparza,48,562 Nicholas Mountains,Port Ronaldland
Christopher Ware,80,3468 Preston Islands,South Mariah
Joseph Moore,23,70249 Paul Prairie,North Barbara
Amanda Bush,41,39910 Dixon Loop Suite 313,Williamsbury
Jeremy Russell,60,79114 Johnson Valleys Suite 744,South James
Michelle Grimes,19,6788 Wilkerson Station,Burnston
Stephen Castro,49,2035 Benjamin Inlet,East Aaronport
Christine Graham,29,040 Spencer Forest,Cooleyshire
Meghan Yates,53,5425 Lindsey Lights,Lake Justinstad
Vanessa Casey,64,04607 Torres Via,Lake Nicholas
George Williams,54,99063 Kristina Falls Suite 986,North Frankfort
Tracey Dyer,25,25033 Wall Mills Suite 940,North Lauren
Angela Horton,21,8422 Carolyn Square Suite 987,Hernandezbury
Melanie Cummings,48,069 Anderson Plains,Jennafurt
Kevin Allison,66,7513 Maria Camp Apt. 632,West Jodi
John Saunders,31,990 Jones Bridge Suite 308,Valeriestad
Austin Martin,60,58083 Carmen Stravenue,North Robin
John Doyle,64,9103 Weaver Mountains,West Jason
Kelly Brennan,39,4230 Madison Lodge Apt. 443,Nicolestad
Jordan Henry,41,48590 Christopher Vista Suite 133,Williamsside
Courtney Dickson,47,2779 Nicholas Skyway,West Ashley
John Dean,74,8377 Walker Center,Lebury
Danielle Bartlett,73,839 Powers Tunnel Suite 160,Kristinastad
Cynthia Walsh,36,1988 Burns Mission Apt. 301,Port Johnmouth
Denise Skinner,75,35858 Woods Island Apt. 845,Port Crystal
Glenda Duncan,38,46754 Kline Islands Apt. 927,Lake Williamtown
Andrew Doyle,67,35935 Copeland Burgs Suite 383,Markchester
Jillian Swanson,41,7073 Carrie Drive Suite 152,Lake Andresstad
Sarah Herrera,47,6131 Calderon Junction Suite 204,North Troy
Dennis Clark,52,541 Dalton Mountain Apt. 048,Nguyenport
Andrew Rojas,50,86842 Jackson Shoals,Lake Jesus
Jennifer Coleman,48,9008 Nguyen Trafficway Suite 499,Port David
Emily Davis,45,1089 Patterson Road Apt. 873,Davishaven
Wendy Chapman,80,18208 Martin Squares Suite 251,South Heatherview
John Harris,76,832 White Shoals Suite 411,West Brenda
Joseph Shaffer,45,3848 Dougherty Manors Suite 243,West Christopher
Adam Patton,37,7776 Tanner Heights,South Samuelborough
Monica Ellison,79,8492 Brooks Pike Apt. 874,East Cherylview
Daniel Vargas,31,8382 Amy Circles Suite 905,East Charles
Michelle Mills,20,3219 Michele Point,Steelestad
Evan Barker,19,13757 Barnett Forks Suite 513,North Jeffrey
Thomas Knapp,65,6625 Phillip Cove,Baileystad
Justin Brooks,53,43231 Chloe Village Apt. 532,Antonioborough
William Higgins,39,745 Sydney Estate Suite 954,Parsonshaven
Melissa Hubbard,72,861 Timothy Hills Apt. 449,Port Justin
Christina Simpson,80,983 Thomas Ways Apt. 954,West Jesse
Tina Brooks,45,26335 Ryan Forks,Brianborough
Javier Malone,28,1079 Sherry Turnpike,Johnsonberg
Ethan Martin,70,5808 Bradley Prairie Apt. 196,West Victorville
Melanie Conway,57,91233 Mikayla Estates Apt. 829,Penafurt
Kathryn Carpenter,25,380 Fred Plains,South Marychester
Elizabeth Gomez,76,30338 Christian Summit Suite 875,Martinezborough
Derek Davis,71,123 Jay Lodge,Katiestad
Tyler Aguilar,77,0161 Simpson Throughway Suite 694,Kevinfort
Danny Terry,25,39667 Jones Spurs,Jimburgh
Melanie Wilson,31,6561 Parker Throughway,Port Kevin
Stephanie French,59,4657 Lynch Locks Apt. 685,Jimmyport
John Moore,31,9665 Jacob Port,South Amyland
Gregory Francis,28,0703 Melissa Flat Apt. 868,East Charlesberg
Debra Simmons,67,1061 William Hill,Jamesville
Jessica Burgess,32,44148 Davis Shores,Sandraton
Thomas Hayden,26,56104 Timothy Rest Apt. 464,West Michelleberg
Rebecca Mcclure,21,678 Justin Views Apt. 743,Port Daniel
Sarah Lee,57,0333 Alvin Lake Apt. 309,Robinhaven
Jordan Jones,69,19317 Kline Gardens Suite 350,Langborough
Cory Brown,43,183 Cruz Land Suite 270,Laneberg
Alan Christensen,45,434 Christian Manors Suite 248,Morrischester
Kathryn Lopez,44,763 Jackson Isle,New Matthewbury
Andrea Smith,34,6549 Harris Drives Suite 339,Hillborough
Emma Barker,22,6272 Jennifer Tunnel Suite 762,Villarrealborough
Nancy Haley,69,37065 Sharp Tunnel,North Timothy
Anthony Johnson,64,7979 Hamilton Corners Suite 309,North Mary
Douglas Anderson,18,0623 Wagner Loaf,Kimberlychester
Robert Chan,47,12245 Patel Orchard Suite 804,New Lisa
Danielle Romero,27,612 Brian Road,Lake Melanie
Toni Rodriguez,64,818 Kimberly Ferry,Ashleytown
Kathleen Mendoza,74,569 Ware Cliff,Wilsonburgh
Larry Adams,30,75341 Julie Bypass Suite 549,Maldonadoberg
Kendra Martinez,32,7096 Knapp Grove Suite 924,Lake Marcuston
Brianna Herman,65,4246 Christian Parkway,Richardton
Angela Peters,54,2320 Nathan Corners,Johnfort
Nicole Mcdonald,70,1717 Michelle Spring,South Isaiah
Kevin Lewis,41,3597 Audrey Oval,Lake Christon
Rachel Mendez,26,64498 Smith Flats Apt. 932,Port Holly
Anthony Roth,45,79804 Michael Causeway Apt. 315,Port David
Timothy Jones,20,422 Anderson Shore Suite 565,Murphyport
Steve Knapp,36,1082 Clark Drive Apt. 373,Vasquezmouth
Amanda Bowman,72,565 Melanie Spring Suite 879,Carpenterland
Tanya Smith,27,07415 Ruiz Camp,Port Bryanfurt
Regina Green,42,587 Ariana Streets,Pattersonport
Stephanie Reed,36,9011 English Oval,Josephland
Sally King,21,73165 May Walk Apt. 993,South Paulmouth
Katherine Becker,33,507 Ramos Via,South Veronicaville
Sally Reid,19,583 John Fork,Parksville
Amanda Hines,35,6054 Bell Place,Port Patrickland
Michael Nolan,29,85247 Taylor Crossing,New Rachel
Janet Miller,18,4904 Andrew Fort,New Aaron
Jasmine Taylor,76,09518 Garcia Mall Suite 990,Wrightfurt
Michael Garza,41,475 Reed Mall Suite 401,Lake Sylviaville
Brian Lynch,39,1736 Zachary Crest,North Samantha
April Williams,63,13605 Houston Expressway Apt. 894,Wilsonmouth
Brittany Coleman,40,36233 Brown Plaza Suite 033,Port Elizabeth
Jacqueline Williamson,32,97746 Myers Green,Charlesmouth
Virginia Chen,55,03955 Romero Keys,Newmanfort
Stephen Cook,30,134 Walter Stream Apt. 952,Reginafurt
Kenneth Bernard,55,8843 Mcintyre Island,Anthonytown
Jonathan Sullivan,47,65902 Donna Fords Suite 479,South Janiceberg
Tina Campbell,18,57474 Hughes Track,Colleenland
James Crawford,33,68790 Ford Mall,New Charles
Sharon Olson,76,43954 Skinner Cove,North Robin
Jessica Duke,62,403 Ronnie Shoal,Leonardmouth
Laura Jones,63,672 Tammy Corners Apt. 698,Lake John
Jessica Phillips,22,3858 Lisa Centers,East Veronica
Jasmine Sanders,26,874 Rivera Garden,South Davidhaven
Erica Bennett,73,171 Travis Forges Apt. 077,North Michael
Anita Vaughn,50,41840 Christopher Shoal Apt. 322,North Nicholas
Marcia Huff,36,0550 Brett Orchard Apt. 447,Port Carrieberg
Daniel Bennett,76,12354 Ford Springs,Cynthiaview
Daniel Kelley,49,502 Townsend Burg Suite 341,Port Matthew
Benjamin Holloway,63,503 Thomas Valley,South Linda
Ricky Odom,36,6360 David Skyway,Lake Marisatown
Timothy Stewart,65,358 Teresa Lock,Bakerfort
Mario Martin,34,57182 Kerri Viaduct,Brockport
Lauren Rodriguez,79,4691 Derek Flat Apt. 927,South Dawnchester
Christopher Brown,66,3515 Sherry Knoll,Jacksonfurt
Katrina Sullivan,21,2309 Susan Vista,Dennischester
Patricia Sellers,19,751 Lee Terrace Suite 312,South Keith
Alexandria Barton,52,8409 Rollins Plaza,West Meghanshire
Alex Baird,64,38323 Dunn Road,Myersstad
Kathy Lynch,21,52248 Elliott Dale,South Amberberg
Lori Smith,30,29866 Clarke Trail Apt. 641,West Ashleychester
Michele Smith,70,5502 Joseph Lake,Terryfurt
Brian Donaldson,76,976 Brown Rapid,South Susan
Brittany Shah,30,154 Taylor Crescent,Nielsenside
Linda Curry,25,93319 Mitchell Neck Apt. 788,East Theresafurt
Bryan Gomez,59,4070 Johnson Roads Apt. 518,Port Paulport
Amy Johnson,67,385 Sullivan Mission Apt. 039,Curtismouth
Richard Mann,66,748 Benjamin Rest,Gibbsmouth
Robert Stephens,35,8649 Stephen Points,Lake Valerie
Marisa Bradford,26,2962 Melissa Knoll Suite 998,West Dylan
Phyllis Reeves,67,2624 Foster Mill,Thorntonshire
Jessica Wallace,31,1732 Jade Lodge Suite 441,South Gregory
Brandon Haynes,49,53327 Gibbs Port,Haileyburgh
Christopher Atkins,34,455 Anna River Suite 795,Jaredview
Michele Hughes,27,25796 Espinoza Brooks Apt. 222,Davisfurt
Lori Webb,70,13564 Lawrence Tunnel,South Kelly
Abigail Copeland,77,4750 Justin Land,Leebury
Cole Castro,38,7200 Donna Trace,South William
Jose Paul,79,373 Shea Isle Suite 500,New Seth
Brian Carter,42,2259 Barnett Ford Apt. 285,North Belinda
Robert Hall,51,79515 Marcus Divide,Reyesland
Johnny Wagner,70,20305 Maria Spur,Evansmouth
Charles Frye,52,329 Cervantes Crescent Suite 631,Scottmouth
Rhonda Lopez,61,9322 Timothy Track,North Lori
Johnny Trujillo,47,58384 Williams Highway Suite 818,Lake Keith
Allison Smith,62,6439 Rogers Mountains Suite 805,New James
Mark Reed,27,8943 Lee Estates Suite 416,Lake Aaron
Charlene Gutierrez,72,139 Laurie Walk Suite 605,Gallegosborough
Jaime Wells,47,82069 Reynolds Glen Apt. 777,West Yolandaland
Christina Tapia,23,981 Woods Station,Phillipsport
Hannah Delgado,60,216 Nicholas Ramp Apt. 497,Brendaborough
Brian Anderson,19,102 Ayala Island Apt. 896,East Heidiside
Elizabeth Lucero,53,16554 Paula Walk,North Andreaville
Joshua Rowe,76,825 Meyer Inlet,West Shawnshire
Daniel Burch,66,10935 Paula Well Apt. 447,Mcgeeville
Joseph Travis,44,80102 Darlene Loaf,East Timothyberg
Mark Williams,57,514 Stephanie Squares Suite 776,Thomasstad
Emily Andersen,79,6158 Roy Ville Suite 984,New Robertton
Patricia Joseph MD,63,557 Griffin Hollow Apt. 828,Lake Dwaynemouth
Robin Kim,54,45856 Perez Fall Suite 844,Katherineshire
Brandi Scott MD,49,47138 Ingram Path Suite 933,East Aaronview
Richard Murray,24,8938 Bryant Parkways,Jaredshire
Stacy Hill,63,3574 Larson Coves Apt. 462,Jessicaview
Julie Reilly,60,53460 Ross Common,South Tony
Michele Anderson,49,03915 Molina Summit Apt. 873,Franklinberg
Wayne Horn,77,220 Burnett Ways,Robertstad
Anthony Paul,74,25037 Lamb Ways Apt. 748,Lake Gina
Dakota Flores,67,2957 Thornton Shore,East Daniel
Daniel Phillips,79,6892 Moore Brook,Lopezmouth
Tammy Jones,62,7017 Morris Ports Apt. 856,New Brendaland
Jonathan Cantu,51,230 Duncan Burg,Scottton
John Padilla,62,124 Richard Manor Apt. 676,North Katelyn
Kathy Carr,34,1956 Lopez Prairie,New Jack
Nicholas Morgan,46,06020 Linda Bypass Apt. 938,South Jon
David Bond,52,92414 Bishop Green Suite 764,Harrisport
Michael Becker,79,5404 Natasha Shores Apt. 663,Petersberg
Ryan Watts,22,90118 Crystal Prairie,Nguyenmouth
James Wood,71,9043 Jacobson Throughway,Lauraside
Ashley Miller,40,67091 Gloria Trail Suite 184,North Jennifermouth
Mason Davis,31,83831 Kent Club,Gonzalesshire
Walter Miranda,57,2862 Todd Camp Apt. 977,Dorisfort
Francisco Sherman,19,6762 Torres Bypass Apt. 620,Wellsland
Benjamin Perez,40,743 Jonathan Common Apt. 832,South Michael
Yolanda Mclean,40,136 Gill Centers,Christianville
Grace Lee,37,9340 Daniel Meadows Suite 580,Brandonchester
Brittany Long,71,442 Justin Harbors Apt. 928,West Caitlin
Sandra Johnson,42,58390 Brown Stravenue,Floreston
Jeremy Lucas,32,103 Amanda Street Apt. 229,Paigemouth
Tristan Wilson,60,17030 Rivera Summit,New Herbert
Tamara Bauer,25,071 Galloway Mission Suite 576,Lukehaven
Laura Lee,42,560 Melissa Island Apt. 685,Lake Matthew
David Mendoza,36,842 Hunter Knoll Apt. 022,Leeport
Nicholas Holmes,43,502 West Turnpike Apt. 783,Jaychester
Katrina Moreno,23,07664 Peter River,Lake Bradborough
Lauren Rodgers,44,0152 Martinez Mills,West Ryanbury
Joshua Pineda,72,6203 Ashley Groves Suite 063,East Matthew
Diane Harmon,58,447 Kaiser Bridge,Port Michael
Tina Vasquez,45,5097 Horton Mills Apt. 499,Michelleshire
Brandon Lane,56,0573 Danielle Prairie Apt. 916,Harrisonberg
Joseph Schmidt,32,574 Elizabeth Valleys Apt. 206,South Micheal
Joseph Baker,60,849 Pena Ferry,New Patrick
Elizabeth Weeks,30,6346 David Manor,Rebeccaview
Gerald Doyle,79,60449 Angela Alley,East Kevinside
Juan Rivera,68,4727 Walker Fords,New Sheena
Dawn Adams,50,758 Mccoy Squares Apt. 684,Jennifertown
Stacey Jones,73,413 Hickman Lake,Morenobury
Leslie Schroeder,18,08228 Cook Bypass Suite 261,Marcland
Nancy Fischer,67,8576 Blevins Summit,Heathermouth
Justin Parks,79,4205 Oliver Mission Apt. 719,Heatherbury
Margaret Le,28,6518 Lopez Street,South Juan
Dylan Burke,51,119 Murillo Fields Apt. 926,Adamsside
Shane Anderson,59,390 Glover Stream Apt. 678,Lake Patrickborough
John Joseph,48,39966 Martinez Vista,Mathisstad
Gregory Hensley,20,883 Kristina Club,Erikaberg
Becky Chandler,68,522 Samuel Squares Suite 486,Stevenberg
Andrew Flynn,58,496 Anderson Cliff,Bookermouth
Rhonda Kelly,34,508 Carl Cliff Apt. 869,New Pamelaside
Paula Hall,67,3308 Vargas Points,Richardhaven
Ryan Ross,42,907 Joseph Meadow,North Annetown
Mariah Schmidt,20,14967 Scott Drive,South Curtisport
Patricia Daniels,37,5423 Wright Camp,Bullockshire
Parker Brown,58,8905 Gregory Keys Apt. 626,New Christina
Kenneth Dunn,55,411 Stewart Mission,Johnsonville
Eric Butler,20,1254 James Squares,Port Lauraside
Theresa Aguilar,22,6860 Haney Squares Suite 057,Lammouth
Anthony Freeman,20,2862 Gray Isle,East Tracybury
Rachel Williams,63,82632 Joshua Avenue Apt. 817,East Frank
William Gilbert,61,2386 Joseph Manor Apt. 113,Phillipsside
Nancy Richardson,51,53677 Steven Junction,Bishopside
Tommy Atkins,66,2726 Daniel Hills,East David
Charles Williams,71,762 Kelly Skyway,Leonardmouth
Emily Best,32,31973 Alex Squares Suite 764,Thompsonland
Eric Dean,30,38813 Snyder Locks Apt. 353,West Markton
John Frazier,48,507 Frederick Manors,Carpenterhaven
Rachel Cummings,41,78543 Courtney Squares,Port Anthony
Chris Turner,75,5038 Bryant Circle Apt. 568,Stevenburgh
Robert Nixon,38,6377 Patel Manor,Brittanyview
John Lopez,18,16532 Wright Bridge,West Katherine
Juan Green,20,7039 Brandon Vista Suite 904,Port Christopher
Vincent Washington,65,3623 Wise Stream Suite 357,Nicoleport
Steven Armstrong,76,3848 Cox Glens Apt. 035,East Sandraland
Robert Macdonald,67,39940 Hall Loaf Suite 048,Gordonside
Samantha Payne,70,008 Davis Neck,Moodybury
Michael Patterson,44,817 Christopher Inlet Suite 320,Port Jenniferville
Cassandra Davis,42,8686 Williams Ways,West Lisatown
Victoria Carrillo,77,65821 Ryan Mountains,South Timmouth
Susan Smith,59,827 Natalie Meadow Apt. 774,North Justinhaven
Paula Patrick,70,21636 Wallace Crescent,Brownbury
Courtney Nielsen,23,9241 Palmer Curve,Vegatown
Amanda Alvarado,63,635 Padilla Union Apt. 605,Port Kristinaland
Derrick Blair MD,75,09405 Charles Canyon,Dianaton
Erik Smith,58,24252 Miranda Lodge Suite 778,Evansport
Stanley Brown,64,941 Escobar Street,Pamelaton
Daniel Davis,70,0100 Cox Junctions,Michaelfort
Todd Cruz,44,60182 Edward Canyon Suite 684,Youngberg
Christopher Short,54,2610 Andrew Trafficway Suite 631,Amymouth
Vicki Davis,35,31812 Mccarthy Forge,West Arianaville
Jesse Lopez,73,7922 Alexandra Haven Apt. 889,West Josephbury
Michelle Jones,54,1929 Hancock Brook Apt. 238,Grahamview
Timothy Haney,54,005 Brown Camp,Mcintoshchester
Mallory Norton,73,229 Laurie Mission,Hughesborough
Christopher Thomas,45,1291 Amber Radial,Shafferchester
Adam Boyd,79,520 Zoe Land,Kyliehaven
Frank Cochran,80,4732 Murphy Valleys Suite 247,Kennethport
Christopher Austin,71,847 Sonya Groves Apt. 273,Larsonberg
Tammy Roman,72,80941 Ochoa Road Suite 866,Rodriguezmouth
Nancy Weaver,36,85693 Joseph Locks,Smithtown
Holly Foster,78,1093 Duane Village Apt. 155,Port Melissa
Alexa Murphy,32,8320 Jensen Springs Suite 495,Katherinetown
Adam Webb,78,9129 Adam Road Suite 054,Lisaburgh
Sarah Skinner,55,814 Novak Springs Apt. 532,East Meghanville
Kevin Miranda,40,550 Justin Club Suite 643,Lake William
Rebecca Shea,60,161 Brian Haven Apt. 710,Priceside
Ryan Donaldson,44,77457 Perry Mews,Barbaraside
Patricia Smith,21,07083 Dunn Row Apt. 625,Williamsfurt
Paul Riley,52,141 Anderson Tunnel,Darlenemouth
Jose Villa,74,8054 Joann River,East Chadburgh
Deborah Powell,77,06309 Julia Estate Apt. 341,Hendricksview
Savannah Hoover,30,1700 Kristie Cliff Suite 776,South Manuelstad
Michelle Schaefer,53,1883 Ortiz Locks Suite 914,Davisshire
Susan Mcpherson,49,3304 Coleman Turnpike,Jonesbury
Deborah Fernandez,19,8074 Chapman Station Apt. 658,South Crystal
Donna White,64,9138 Kayla Ridges,Port Jasonshire
Steven Conner,25,48713 April Fords,Jimenezville
Pamela Burch,41,3906 Campos Island Suite 556,Port Kristinburgh
Virginia Reyes,62,0682 Ewing Loop Apt. 834,Floresville
Kelly Ewing,26,7006 Amanda Junctions Suite 712,Jaredside
Bradley Wiley,76,3050 Tate Spur,North Johnberg
Robert Thomas,38,53714 Duffy Coves Suite 049,West Seth
Teresa Terrell,69,391 Hamilton Tunnel Suite 273,Davismouth
James Morris,69,132 Melissa Circles,Powellburgh
Cynthia Richardson MD,63,63688 Wall Locks Apt. 234,East Vanessa
Willie West,19,684 Angela Route,South Julia
Michele Rosales,37,518 Brandon Lane Suite 305,Tylerfort
Derrick Mendoza,68,977 Maria Parks,Jacksonstad
Alan Thompson,35,0697 Brandt Hollow,South Rachelton
Shawn Davis,25,0367 Jennifer Roads,Port Heather
Joseph Carr,30,7599 Jacobs Summit Suite 078,West Gregoryport
Joel Craig,70,280 Brady Heights Suite 877,North Johnburgh
Richard Marshall,36,068 Jordan Valleys,North Joelport
Molly Rodriguez,47,7900 Bryce Burgs Suite 740,East Karen
Cynthia Tapia,63,57926 Suzanne Glen,Myersborough
Rose Espinoza,37,8018 Ramos Extension,East Herbert
Jessica Patel,24,20295 Christina Brook Suite 218,Smithville
Andrew Garrett,33,647 Gabriel Gardens Apt. 484,Lake Cherylview
Oscar Lee,57,2379 Coffey Gateway,Rachelmouth
Tracy Michael,36,5963 Johnson Isle,East Dianaville
Travis Carlson,55,5953 Edgar Plaza,Campbellstad
Kathryn Johnson,49,886 Jennifer Camp,Lake Chadport
Amanda Brown,64,63136 Kenneth Knolls Suite 029,Staceyville
Morgan Garza,77,70520 Wilson Vista,Port Georgefurt
Christine Evans,34,12408 George Track,Port Geoffrey
Amanda Wiley,67,778 Collins Key,Jessicaberg
Dale Young,36,90040 Barber Plains Suite 571,Rileychester
Brian Weber,63,690 Foster Mill Suite 999,Cranetown
Casey Rodriguez,23,367 Christian Port Apt. 321,East Nicole
Mary Smith,45,427 Michael Brooks Suite 271,Raychester
Bruce Little,80,4861 Sharon Plain,New Lauraport
Danielle Garcia,35,942 Gabriel Inlet,East Jeffreyburgh
Amy Reynolds,34,7131 Jordan Spring Suite 730,Jonesborough
Jeremy Guerrero,22,8921 Jessica Canyon,New Rachelmouth
Melinda Norris,71,650 Kyle Parks Apt. 587,Haydenton
John Wagner,78,291 Allen Fields,Heatherbury
Thomas Mitchell,38,53275 Arthur Viaduct,West Mary
Mary Rose,69,244 Stokes Hill,West Lori
Michael Adams,42,8139 Herrera Square,New Jasonfort
Wendy Berry,24,041 Lauren Park,East Jason
Kayla Pittman,30,0635 Abbott Parks Apt. 077,Mcculloughland
Michelle Mckee,41,4174 Suarez Mountain Apt. 789,Simpsonstad
Jason Salazar,41,413 Harrison Forge,Amymouth
Jesse Massey,30,20310 Gabriella Village,Shannonstad
Marcus Rodriguez,78,8278 Edwards Pass,West Amanda
Jerry Mclaughlin,71,7163 Samantha Place Suite 732,Matthewside
Susan Murray,69,549 Brown Plaza Suite 011,East Andreamouth
Autumn Johns,65,698 Robert Island Apt. 237,Jameshaven
Brittany Carter,34,85110 Lindsay Crescent,South Tyler
Jennifer Flores,51,1948 Russell Spur,Samanthaside
Kimberly Snyder,56,357 Joe Walks Suite 400,Lake Juantown
Amy Carney,53,06633 Castillo Center Apt. 482,South Heathermouth
Cheyenne Mitchell,69,123 Brandon Turnpike,Coreyland
Allen Rivera,80,8142 Tammy Drive,North Samanthaview
Diana Garcia,39,324 Linda Field Suite 025,Stricklandtown
Courtney Santiago,53,7279 Joshua Common,Crawfordborough
Angel Murphy,44,3868 Bush Greens,Burnsshire
Sarah Spence,44,976 Hayden Forest,Port John
Amy Harper,33,3421 Williams Shoal,Nicholsburgh
Ivan Mendez,34,0570 Ray Knolls Suite 880,Burnsfurt
Kimberly Davis,35,46272 Mills Inlet Suite 722,Lucasmouth
Riley Barber,39,309 Tammy Way,North Donna
Ryan Hall,59,886 Arroyo Street,Paceport
Nicole Crawford,34,487 Lopez River,Royfurt
Kimberly Bell,68,077 Jean Knolls Suite 771,Shelleyborough
Jaime Barry,38,99126 Pamela Dale,Johnsonside
Mark Gonzales,70,2236 Cross Common,New Andrewmouth
James Young,55,0286 Cooper Cliff Apt. 295,Wheelerburgh
Denise Kennedy,66,168 Brooks Mountains Apt. 246,Hineschester
Toni Wilson,24,541 Baker Green,Morrisontown
Melissa Clark,29,203 Edward Brooks,Patelton
Connor Valenzuela,35,33548 Michael Well Suite 382,North Lisa
Lisa Berry,73,889 Holly Field Suite 812,Figueroamouth
Carol Kennedy,71,835 Diana Pine Suite 362,Kingfurt
Emily Taylor,35,01770 Sheppard Motorway Apt. 453,West Shawn
Pamela Watson,72,99780 Brenda Falls Suite 708,South Brianmouth
Mark Salinas,38,743 Sexton Brook Suite 719,Mcmillanside
Eric Cohen,33,80137 Bryan Spring,Carolynland
David Vincent,49,3226 Patrick Drive Suite 195,Robinsonfort
Alisha Zamora,65,18173 Charles Flats,Stephaniemouth
Nancy Smith,52,889 Baxter Turnpike,Jeffreyborough
Justin Russell,53,989 Raymond Lake,South Elizabeth
Allen Davis,43,6618 Lori Cove Suite 206,North Jonland
Karen Thompson,78,10018 Peter Ridges Suite 336,Hunterside
Devon Tran,56,277 Steven Center Apt. 577,New Joel
Fernando Blackwell,45,941 Darius Courts,North Deborah
Tyler Smith,62,7112 Heather Prairie Suite 020,Thomashaven
Danny Scott,37,570 Matthew Inlet,New Brandon
Patricia Sims,31,789 Young Ford Apt. 771,Stewartmouth
Amanda Bridges,47,4148 Victoria Hill,West Brendaton
Jennifer Sweeney,74,78791 Smith Street Apt. 944,Stephenmouth
Jennifer Mccall,27,094 Lang Ports Suite 702,Andrealand
Maria Thomas,50,807 Brandi Vista Suite 641,East Josephberg
Jasmine Ferguson,69,548 Maldonado Unions,Lake Yolanda
Suzanne Burgess,70,2663 Brandi Views Suite 681,New Jennyhaven
Autumn Lynch,61,788 Howell Loop Suite 247,Morganburgh
John Hampton,29,32717 Michelle Court,West Carolstad
Christine Harrison,53,145 Lisa Manor,New Donna
Sarah Smith,50,6886 Gregory Club Apt. 110,Kristenborough
Brian Cooley,50,40086 Albert Estates,Port Victoriaton
Tara Juarez,61,72078 Allison Prairie Suite 856,West Debrafurt
Russell Spencer,78,79614 Eric Trace,Patriciaburgh
Richard Marshall,55,7728 Alicia Stream,Port Latoya
Charlotte Baker,30,8411 Erica Plains,East Juliamouth
David Mclaughlin,36,204 Max Motorway Apt. 210,Kellyville
Anthony Drake,44,3280 Jessica Island Apt. 466,North Danielton
Michael Copeland,41,73082 Jessica Streets,East Loriburgh
Jason Hodge,57,82938 Wolfe Shore,South Greg
John Torres,49,8047 Deborah Union Suite 966,South Sandra
Nathan Kirby,50,992 Walsh Estates,Davidview
Sara Wright,31,41598 Juan Junction Apt. 529,Judyfurt
Bryan Long,37,23886 Williams Fork Suite 631,Lake Kaylaland
James Alexander,63,8383 Misty Key,Dawnland
Stephanie Miller,79,260 Anna Tunnel Suite 612,Lake Evanbury
Stacy Massey,62,84205 Heather Street Suite 605,Colefort
Emma Walton,66,20944 David Villages Apt. 231,West Miguelfort
Michael Hansen,62,13549 Mike Dale,Hallfurt
David Delacruz,39,64916 Carl Park,Buckleyberg
Russell Sampson MD,49,60726 Cynthia Highway,Lake Brandy
Mark Stevens,50,09824 Katherine Lodge Apt. 121,North Craigbury
Katie Garcia,61,83354 James Mission Suite 123,Beckershire
Tony Cole,74,958 Raymond Lodge Suite 321,Robertborough
Ryan Parker,45,271 Best Circle,Edwardsview
Wayne Chambers,62,1629 Daniel Center,West Ryan
Kathryn Olsen,78,919 Mosley Branch,Tracyshire
Robin Pacheco,80,2780 Turner Roads Suite 694,North Ashleyshire
Roberto Walker,20,472 Mckinney Camp Suite 775,Margaretbury
Peter Robinson,18,16122 Samuel Manors Suite 842,Lake Mark
Louis Collins,60,63508 Rodriguez Road Suite 248,New Christopher
Angela Escobar,63,5712 Johnston Plains Suite 422,Wolfefort
Andrea Stevens,62,1753 Lisa Glens Suite 641,Lake Bailey
Mary Rocha,31,41169 David Square Suite 793,Chamberstown
Emily Dunn,51,81822 Greene Trail,West James
Thomas Ruiz,54,7118 Green Mountain,Aaronhaven
Lisa Newman,70,901 Anthony Oval,East Sharonmouth
Christopher Glover,71,1012 Aaron Lakes,Port Sonyaton
Natalie Baker,39,0637 Young Stream Apt. 523,Lake Meganberg
Haley Myers,75,754 Mark Station Apt. 080,South Todd
Tami Schneider,55,33659 Cody Coves,Reedborough
Michael Kennedy,24,8825 Amy Court Suite 117,Deleonport
Charles Bradley,59,4349 Rachel Pines Suite 491,West Dana
Deanna Merritt,44,702 Davis Trail,South Juanstad
Wayne Diaz,42,640 Shah Turnpike Suite 383,Lauraton
Richard Horton,44,6519 Lindsey Trail Apt. 000,Codymouth
Brett Williams,80,5066 Michael Ridge,Christineshire
Breanna Simmons,73,453 Ricardo Mall,Angelaville
Mike Ross,33,1597 Noah Landing Apt. 831,Ianbury
Megan Hammond,22,91005 Kristine Prairie Suite 128,Ambertown
Bryan Martinez,39,15997 Lawson Hollow Apt. 313,Andradefurt
Lisa Ware,38,687 Matthew Flat Suite 973,Port Danielleberg
Marissa Davenport,61,848 Sarah Trace Apt. 488,Port Gregoryton
Tammy Butler,40,89909 Lawrence Station Apt. 169,Floreschester
Tammy Galvan,35,1393 Katherine Rapid,Sarahbury
Paul Fleming,51,78431 Cannon Mountains Suite 693,Annetteborough
Douglas Mccarthy,59,864 Thompson Point Suite 506,Curtishaven
Sara Bishop,26,7767 Dustin Brooks Suite 561,Johnland
Deanna Hernandez,18,600 Lewis Lake Apt. 787,West Brucestad
